timestamp,esp_timestamp,accel_x,accel_y,accel_z,gyro_x,gyro_y,gyro_z,temperature
2025-09-11 14:34:34.323,811686,-3.335123062133789,6.497863292694092,5.944802761077881,-0.35173046588897705,-0.22302909195423126,-0.8097794651985168,35.81529235839844
2025-09-11 14:34:34.371,811706,-2.564189910888672,5.39174222946167,5.57370138168335,-0.2371516078710556,-0.013056661002337933,-0.20970597863197327,35.797645568847656
2025-09-11 14:34:34.371,811726,-4.477157115936279,5.142745018005371,6.6630635261535645,-0.10232159495353699,0.18519142270088196,0.03410719707608223,35.80058670043945
2025-09-11 14:34:34.385,811746,-5.061342239379883,4.9368438720703125,5.940014362335205,0.0444992333650589,0.167871356010437,0.11431240290403366,35.809410095214844
2025-09-11 14:34:34.405,811766,-5.351040840148926,4.527435302734375,5.540182590484619,0.02851148694753647,0.2621990740299225,0.13403062522411346,35.788822174072266
2025-09-11 14:34:34.424,811786,-5.394136428833008,5.643133640289307,5.52821159362793,-0.12044104188680649,0.26459723711013794,0.01678713597357273,35.779998779296875
2025-09-11 14:34:34.480,811806,-5.063736438751221,5.621585369110107,5.183446884155273,-0.556373655796051,0.1430903524160385,-0.05862174555659294,35.79176330566406
2025-09-11 14:34:34.480,811826,-5.432443618774414,4.8051629066467285,5.628767967224121,-0.721846878528595,-0.08926492929458618,-0.04023583605885506,35.80352783203125
2025-09-11 14:34:34.487,811846,-4.912901878356934,4.608838081359863,5.173870086669922,-0.7524899840354919,-0.4047565162181854,0.06155283376574516,35.81235122680664
2025-09-11 14:34:34.506,811866,-4.888959884643555,4.242525577545166,5.384559631347656,-0.5214670896530151,-0.48176416754722595,0.1875895857810974,35.80058670043945
2025-09-11 14:34:34.523,811886,-5.044582843780518,4.32871675491333,6.09324312210083,-0.17693108320236206,-0.43406739830970764,0.22356201708316803,35.78293991088867
2025-09-11 14:34:34.584,811906,-3.8498764038085938,5.080495834350586,5.896918773651123,-0.34693413972854614,-0.2192986160516739,-0.19531700015068054,35.80058670043945
2025-09-11 14:34:34.584,811926,-4.496310710906982,4.853046894073486,6.854599475860596,-0.3874364495277405,-0.06714854389429092,-0.41408270597457886,35.81235122680664
2025-09-11 14:34:34.584,811948,-4.833893299102783,3.9624037742614746,6.8378400802612305,-0.3376079499721527,-0.11271363496780396,-0.3258835971355438,35.818233489990234
2025-09-11 14:34:34.604,811967,-4.697423934936523,3.9169139862060547,7.0557122230529785,-0.15454822778701782,-0.06768146902322769,-0.2981715202331543,35.818233489990234
2025-09-11 14:34:34.627,811987,-4.426878929138184,3.445256233215332,7.115567684173584,-0.2126370668411255,-0.11138132214546204,-0.2981715202331543,35.809410095214844
2025-09-11 14:34:34.681,812007,-4.8267107009887695,3.8331170082092285,7.448361396789551,-0.2406156212091446,-0.23821745812892914,-0.38024193048477173,35.80352783203125
2025-09-11 14:34:34.683,812027,-4.151545524597168,3.909731388092041,6.550535678863525,-0.06848085671663284,-0.39809495210647583,-0.38610413670539856,35.809410095214844
2025-09-11 14:34:34.685,812047,-4.07014274597168,3.6990416049957275,5.9519853591918945,0.0026646247133612633,-0.18412558734416962,-0.47883307933807373,35.81235122680664
2025-09-11 14:34:34.707,812067,-4.7405195236206055,4.359841346740723,6.485892295837402,0.09645941853523254,-0.13536293804645538,-0.4921562075614929,35.818233489990234
2025-09-11 14:34:34.726,812087,-4.977545261383057,4.242525577545166,7.292738437652588,-0.02504747360944748,-0.03543950989842415,-0.4231424033641815,35.809410095214844
2025-09-11 14:34:34.788,812107,-4.721365928649902,3.3901896476745605,7.0772600173950195,-0.044232770800590515,-0.05622358247637749,-0.40075957775115967,35.82117462158203
2025-09-11 14:34:34.788,812127,-4.240131378173828,3.2369606494903564,6.598419666290283,0.06741500645875931,-0.0034640124067664146,-0.4167473316192627,35.81235122680664
2025-09-11 14:34:34.788,812147,-4.462791919708252,3.7852327823638916,6.584054470062256,0.3096293807029724,0.25420519709587097,-0.339206725358963,35.809410095214844
2025-09-11 14:34:34.808,812167,-4.6255974769592285,3.801992416381836,6.531382083892822,0.49801838397979736,0.3671852946281433,-0.09166309237480164,35.81235122680664
2025-09-11 14:34:34.832,812187,-4.410119533538818,3.9815573692321777,5.896918773651123,0.10631853342056274,0.49695250391960144,-0.011724349111318588,35.81235122680664
2025-09-11 14:34:34.888,812207,-5.348646640777588,3.1723172664642334,5.743690013885498,0.017586523666977882,0.48709341883659363,-0.21636754274368286,35.818233489990234
2025-09-11 14:34:34.888,812227,-5.39174222946167,5.408501625061035,6.572083473205566,0.013589587062597275,0.42394182085990906,-0.35679328441619873,35.82411575317383
2025-09-11 14:34:34.888,812247,-6.184223175048828,4.546588897705078,6.607996463775635,0.026379786431789398,0.4583154618740082,-0.25926798582077026,35.82411575317383
2025-09-11 14:34:34.907,812267,-6.418854713439941,3.3231520652770996,6.71334171295166,0.05995405837893486,0.30909645557403564,0.014122511260211468,35.82117462158203
2025-09-11 14:34:34.926,812287,-6.088454723358154,2.8419175148010254,6.514622688293457,0.207574263215065,0.05089433491230011,0.1534823775291443,35.81235122680664
2025-09-11 14:34:34.988,812307,-5.825092792510986,2.782062292098999,6.174646377563477,0.6261867880821228,0.04929555580019951,0.2816508412361145,35.797645568847656
2025-09-11 14:34:34.988,812327,-6.1315507888793945,3.3303346633911133,5.796362400054932,1.2145359516143799,-0.04929555580019951,0.37491273880004883,35.80352783203125
2025-09-11 14:34:34.988,812347,-5.796362400054932,4.771644115447998,6.217741966247559,0.9041071534156799,-0.3341439664363861,0.4415283501148224,35.82117462158203
2025-09-11 14:34:35.004,812367,-4.63517427444458,5.135562419891357,5.279214859008789,0.3983613848686218,-0.5355895757675171,0.19398468732833862,35.81529235839844
2025-09-11 14:34:35.025,812389,-4.357447147369385,5.04218864440918,4.4508209228515625,-0.06554976850748062,-0.5966094732284546,0.07061255723237991,35.80352783203125
2025-09-11 14:34:35.054,812408,-5.537788391113281,4.975151062011719,6.63433313369751,-0.43433383107185364,-0.5385206341743469,0.16094334423542023,35.797645568847656
2025-09-11 14:34:35.102,812428,-4.946420669555664,3.840299606323242,6.323086738586426,-0.6400429010391235,-0.724245011806488,0.3080306351184845,35.81529235839844
2025-09-11 14:34:35.115,812448,-5.130774021148682,2.6408045291900635,6.828263282775879,-0.1566799432039261,-0.7239785194396973,0.4335344731807709,35.81235122680664
2025-09-11 14:34:35.115,812468,-4.197035789489746,3.9695863723754883,6.145915985107422,0.19531700015068054,-0.6530994772911072,0.42580702900886536,35.818233489990234
2025-09-11 14:34:35.126,812488,-3.512293815612793,5.523423194885254,6.430825710296631,-0.13536293804645538,-0.6030045747756958,0.3242848217487335,35.80646896362305
2025-09-11 14:34:35.147,812508,-3.8953661918640137,4.173093795776367,6.7061591148376465,-0.4575161039829254,-0.2158346027135849,0.3208208382129669,35.80352783203125
2025-09-11 14:34:35.236,812528,-4.252102375030518,3.751713991165161,7.328651428222656,0.05702297389507294,-0.22596018016338348,0.15374885499477386,35.80352783203125
2025-09-11 14:34:35.236,812548,-4.398148536682129,4.211400985717773,7.139509677886963,0.31549158692359924,-0.13136599957942963,0.02371516078710556,35.81235122680664
2025-09-11 14:34:35.237,812568,-3.44765043258667,5.4013190269470215,6.232107162475586,0.07274425029754639,-0.06528330594301224,-0.2059755027294159,35.797645568847656
2025-09-11 14:34:35.237,812588,-3.818751811981201,4.5825018882751465,6.658275127410889,-0.024781011044979095,0.08606737852096558,-0.3360092043876648,35.81529235839844
2025-09-11 14:34:35.245,812608,-4.479551315307617,3.758896589279175,6.897695064544678,0.01012557465583086,0.24781009554862976,-0.2867136299610138,35.80352783203125
2025-09-11 14:34:35.304,812628,-4.630385875701904,3.821146011352539,6.476315498352051,0.2174333930015564,0.26459723711013794,-0.17213475704193115,35.81529235839844
2025-09-11 14:34:35.304,812648,-4.551377296447754,4.46518611907959,6.265625953674316,0.2864471673965454,0.23288820683956146,-0.15881162881851196,35.80646896362305
2025-09-11 14:34:35.306,812668,-4.347870349884033,4.8722004890441895,6.430825710296631,0.42074427008628845,0.32508420944213867,-0.12257273495197296,35.809410095214844
2025-09-11 14:34:35.328,812690,-5.293580055236816,3.466804027557373,6.806715488433838,0.7263767123222351,0.250741183757782,-0.09539356082677841,35.80646896362305
2025-09-11 14:34:35.346,812709,-4.824316501617432,3.9049429893493652,6.426037311553955,0.9947044253349304,0.14921899139881134,-0.18865543603897095,35.79470443725586
2025-09-11 14:34:35.404,812729,-4.754884719848633,6.615179061889648,4.9152960777282715,0.9264900088310242,-0.0021316998172551394,-0.3114946484565735,35.78588104248047
2025-09-11 14:34:35.404,812749,-4.850652694702148,4.812345504760742,6.138733386993408,0.277120977640152,-0.26299846172332764,-0.24781009554862976,35.80646896362305
2025-09-11 14:34:35.407,812769,-4.965574264526367,4.553771495819092,6.248866558074951,0.4036906361579895,-0.3642542362213135,0.038637056946754456,35.81529235839844
2025-09-11 14:34:35.430,812789,-5.051765441894531,3.3710360527038574,6.596025466918945,0.7724747061729431,-0.3757120966911316,0.20943951606750488,35.81529235839844
2025-09-11 14:34:35.447,812809,-3.952826976776123,5.96874475479126,5.281609058380127,0.8286982774734497,-0.44232770800590515,0.30430012941360474,35.80352783203125
2025-09-11 14:34:35.514,812829,-4.446032524108887,5.856217384338379,5.614402770996094,0.4154150187969208,-0.14708729088306427,0.13909341394901276,35.82117462158203
2025-09-11 14:34:35.514,812849,-4.07014274597168,5.827486991882324,5.959167957305908,0.4314027726650238,0.18226033449172974,0.02504747360944748,35.80058670043945
2025-09-11 14:34:35.514,812869,-4.2951979637146,5.705382823944092,5.889736175537109,0.20011331140995026,0.3522633910179138,0.01598774828016758,35.78293991088867
2025-09-11 14:34:35.533,812889,-5.106832027435303,5.535394191741943,5.513846397399902,-0.1958499252796173,0.17906278371810913,0.14895252883434296,35.788822174072266
2025-09-11 14:34:35.556,812909,-3.9432501792907715,5.456385612487793,5.494692802429199,-0.4282052218914032,0.11591117829084396,0.3365420997142792,35.79470443725586
2025-09-11 14:34:35.609,812929,-4.637568473815918,4.639962673187256,6.236895561218262,-0.4002266228199005,0.23981623351573944,0.3674517571926117,35.80352783203125
2025-09-11 14:34:35.609,812949,-4.49870491027832,5.0900726318359375,6.196194171905518,-0.2534058094024658,0.2371516078710556,0.3866370618343353,35.80352783203125
2025-09-11 14:34:35.609,812969,-4.649539470672607,4.742913722991943,6.1267619132995605,-0.004263399634510279,0.10471975803375244,0.3821071982383728,35.80058670043945
2025-09-11 14:34:35.627,812989,-4.189853191375732,5.458779811859131,5.705382823944092,0.05169371888041496,0.039436448365449905,0.1665390431880951,35.80646896362305
2025-09-11 14:34:35.646,813009,-4.302380561828613,5.236119270324707,6.035782337188721,0.18066155910491943,0.14095865190029144,0.09779173135757446,35.81235122680664
2025-09-11 14:34:35.710,813029,-4.388571739196777,4.802768707275391,6.224924564361572,0.2768545150756836,0.24141500890254974,0.22009801864624023,35.80646896362305
2025-09-11 14:34:35.710,813049,-4.393360137939453,5.018246650695801,5.949591159820557,0.6818774938583374,0.5092098116874695,0.4516538977622986,35.80352783203125
2025-09-11 14:34:35.710,813069,-4.446032524108887,5.578489780426025,5.363011837005615,1.094627857208252,0.7343705892562866,0.5100091695785522,35.80058670043945
2025-09-11 14:34:35.726,813089,-4.168305397033691,6.038176536560059,4.991910457611084,0.9941715598106384,0.8918498754501343,0.21476876735687256,35.80058670043945
2025-09-11 14:34:35.746,813109,-4.9152960777282715,5.623979568481445,5.097255229949951,0.9422113299369812,1.0794395208358765,0.21663399040699005,35.82117462158203
2025-09-11 14:34:35.828,813131,-4.72376012802124,5.999869346618652,5.140350818634033,0.9307534098625183,1.0565236806869507,0.3096293807029724,35.809410095214844
2025-09-11 14:34:35.828,813150,-4.891354084014893,6.3733649253845215,4.702212333679199,0.7921929359436035,0.9019755125045776,0.16120979189872742,35.809410095214844
2025-09-11 14:34:35.828,813170,-5.307945251464844,5.540182590484619,4.089296340942383,0.5995405912399292,0.4282052218914032,0.08366922289133072,35.818233489990234
2025-09-11 14:34:35.831,813190,-4.7405195236206055,6.787561893463135,3.734954595565796,0.6560306549072266,-0.1300336867570877,0.1646738201379776,35.81235122680664
2025-09-11 14:34:35.847,813210,-4.4508209228515625,6.897695064544678,3.8522706031799316,0.5710290670394897,-0.18332618474960327,-0.20650841295719147,35.80058670043945
2025-09-11 14:34:35.913,813230,-4.599261283874512,7.1251444816589355,4.388571739196777,0.6544318199157715,0.04929555580019951,-0.483895868062973,35.80058670043945
2025-09-11 14:34:35.913,813250,-4.987122058868408,5.846640586853027,5.023035049438477,0.5331913828849792,0.14921899139881134,-0.3245512843132019,35.79176330566406
2025-09-11 14:34:35.913,813270,-5.307945251464844,5.91128396987915,4.467580318450928,0.41781315207481384,0.03890352323651314,-0.056756507605314255,35.78588104248047
2025-09-11 14:34:35.928,813290,-5.137956619262695,6.842628479003906,3.737348794937134,0.37091580033302307,-0.11910872906446457,-0.13749463856220245,35.80058670043945
2025-09-11 14:34:35.948,813310,-5.185841083526611,7.0341644287109375,3.9647979736328125,0.2272924929857254,-0.2883123755455017,-0.3261500895023346,35.80352783203125
2025-09-11 14:34:35.968,813330,-4.596867084503174,6.1267619132995605,4.347870349884033,0.008526799269020557,-0.32535070180892944,-0.3757120966911316,35.79470443725586
2025-09-11 14:34:36.015,813350,-4.884171485900879,6.36378812789917,4.223371982574463,0.10471975803375244,-0.19958040118217468,-0.3248177766799927,35.80352783203125
2025-09-11 14:34:36.016,813370,-4.23773717880249,7.7883381843566895,3.2082302570343018,-0.07514242082834244,-0.3210872709751129,-0.6507014036178589,35.79176330566406
2025-09-11 14:34:36.036,813390,-5.260061264038086,5.920860767364502,4.644751071929932,-0.16067688167095184,-0.29737213253974915,-0.6975988149642944,35.81235122680664
2025-09-11 14:34:36.048,813410,-4.793191909790039,5.959167957305908,4.1180267333984375,-0.08260336518287659,-0.1414915770292282,-0.5569065809249878,35.80352783203125
2025-09-11 14:34:36.069,813430,-4.929661273956299,6.67982292175293,3.8139634132385254,-0.17932924628257751,-0.21343645453453064,-0.6728177666664124,35.797645568847656
2025-09-11 14:34:36.118,813450,-5.34625244140625,5.980715751647949,4.378994941711426,-0.5499785542488098,-0.18918836116790771,-0.6043369174003601,35.797645568847656
2025-09-11 14:34:36.118,813470,-5.319916248321533,5.4659624099731445,4.501099109649658,-0.3011026084423065,0.11564471572637558,-0.2403491586446762,35.78588104248047
2025-09-11 14:34:36.129,813490,-4.8482584953308105,6.856993675231934,3.2609026432037354,-0.6269862055778503,0.14255742728710175,-0.10072281211614609,35.79470443725586
2025-09-11 14:34:36.148,813510,-0.5674257874488831,9.117119789123535,2.051830768585205,-2.1508851051330566,-0.04103522002696991,-0.7511577010154724,35.80058670043945
2025-09-11 14:34:36.169,813530,-6.562506675720215,5.2265424728393555,5.963956356048584,-2.1031882762908936,-0.8614732027053833,-0.8342940211296082,35.809410095214844
2025-09-11 14:34:36.221,813550,-6.775590896606445,2.3080103397369385,6.962338447570801,-1.5454823970794678,-0.22835834324359894,-0.31868913769721985,35.80352783203125
2025-09-11 14:34:36.221,813571,-5.710171222686768,3.5482068061828613,5.628767967224121,0.020517610013484955,0.1449555903673172,0.18918836116790771,35.80646896362305
2025-09-11 14:34:36.230,813591,-6.162675380706787,4.400542736053467,5.027823448181152,0.4087534546852112,-0.055424198508262634,0.12470444291830063,35.81235122680664
2025-09-11 14:34:36.251,813611,-5.327098846435547,5.896918773651123,4.213795185089111,0.033041346818208694,-0.09619295597076416,-0.06821439415216446,35.81235122680664
2025-09-11 14:34:36.269,813631,-6.011840343475342,4.752490520477295,5.298368453979492,-0.24967534840106964,-0.0559571199119091,-0.13109953701496124,35.81235122680664
2025-09-11 14:34:36.323,813651,-6.088454723358154,4.9583916664123535,5.669469833374023,-0.012257273308932781,0.12230627983808517,-0.09166309237480164,35.79470443725586
2025-09-11 14:34:36.323,813671,-5.585672378540039,4.967968463897705,5.284003257751465,0.22782541811466217,0.056756507605314255,0.13216538727283478,35.78588104248047
2025-09-11 14:34:36.336,813691,-5.736507415771484,4.975151062011719,5.327098846435547,0.24434609711170197,-0.0007993874605745077,0.27605512738227844,35.80352783203125
2025-09-11 14:34:36.362,813711,-5.403713226318359,5.34625244140625,4.747702121734619,0.12710259854793549,-0.12497090548276901,0.3573261797428131,35.788822174072266
2025-09-11 14:34:36.372,813731,-5.006275653839111,4.766855716705322,4.520252704620361,-0.0013323123566806316,-0.2752557396888733,0.15721285343170166,35.788822174072266
2025-09-11 14:34:36.428,813751,-5.109226226806641,5.286397457122803,5.154716491699219,0.01811944879591465,-0.26086676120758057,-0.0026646247133612633,35.809410095214844
2025-09-11 14:34:36.428,813771,-5.061342239379883,4.838681697845459,5.5976433753967285,0.2336875945329666,-0.1071179136633873,0.06288514286279678,35.80058670043945
2025-09-11 14:34:36.428,813791,-5.219359874725342,5.621585369110107,5.4013190269470215,0.20224502682685852,-0.06075344607234001,0.11004900932312012,35.81529235839844
2025-09-11 14:34:36.455,813811,-5.240907669067383,5.4875102043151855,5.114014625549316,-0.03837059438228607,-0.15854516625404358,0.03677182272076607,35.78588104248047
2025-09-11 14:34:36.469,813831,-5.722142219543457,4.869806289672852,5.427655220031738,-0.08979785442352295,-0.3229525089263916,0.11804287135601044,35.797645568847656
2025-09-11 14:34:36.528,813851,-5.770026206970215,4.508281707763672,5.307945251464844,0.14442266523838043,-0.5084103941917419,0.46790811419487,35.809410095214844
2025-09-11 14:34:36.529,813871,-5.236119270324707,5.39174222946167,4.874594688415527,0.29257580637931824,-0.5878162384033203,0.6315160393714905,35.80646896362305
2025-09-11 14:34:36.529,813891,-4.570530891418457,6.045359134674072,4.778826713562012,0.18385910987854004,-0.5409188270568848,0.4625788629055023,35.80058670043945
2025-09-11 14:34:36.548,813911,-4.8482584953308105,5.604825973510742,5.604825973510742,0.22622664272785187,-0.3637212812900543,0.4034242033958435,35.77705764770508
2025-09-11 14:34:36.575,813931,-6.900089263916016,5.298368453979492,6.823474884033203,0.4351332187652588,-0.3591914176940918,0.6176600456237793,35.81529235839844
2025-09-11 14:34:36.630,813951,-3.2561142444610596,7.129932880401611,4.371812343597412,0.8763951063156128,-0.5585053563117981,0.7935252785682678,35.80058670043945
2025-09-11 14:34:36.630,813971,-4.0749311447143555,7.082048416137695,4.446032524108887,0.1366952508687973,-0.4764349162578583,0.33814090490341187,35.79470443725586
2025-09-11 14:34:36.630,813991,-3.869029998779297,5.69580602645874,5.959167957305908,-0.09246248006820679,-0.42234301567077637,0.17932924628257751,35.809410095214844
2025-09-11 14:34:36.649,814012,-3.5218706130981445,6.256049156188965,5.738901615142822,-0.20704135298728943,-0.13589586317539215,0.20837366580963135,35.79176330566406
2025-09-11 14:34:36.683,814031,-4.146757125854492,5.652710437774658,5.604825973510742,-0.1534823775291443,0.004796324297785759,0.18972128629684448,35.83000183105469
2025-09-11 14:34:36.737,814051,-4.0964789390563965,6.007051944732666,5.185841083526611,-0.06048698350787163,-0.002931087277829647,0.1303001493215561,35.80058670043945
2025-09-11 14:34:36.737,814071,-4.460397720336914,5.676652431488037,5.494692802429199,-0.008793261833488941,0.008260336704552174,0.06874731928110123,35.81235122680664
2025-09-11 14:34:36.737,814091,-4.513070106506348,5.523423194885254,5.396530628204346,0.16920366883277893,-0.008260336704552174,0.2621990740299225,35.78588104248047
2025-09-11 14:34:36.751,814111,-4.4723687171936035,5.664681434631348,5.458779811859131,0.3282817602157593,-0.16120979189872742,0.47217148542404175,35.797645568847656
2025-09-11 14:34:36.768,814131,-3.6296098232269287,6.967126846313477,4.551377296447754,0.3408055305480957,-0.29204288125038147,0.5326584577560425,35.81235122680664
2025-09-11 14:34:36.834,814151,-3.0597896575927734,7.101202011108398,5.295974254608154,-0.08340275287628174,-0.13642878830432892,-0.06501684337854385,35.80058670043945
2025-09-11 14:34:36.836,814171,-3.7014358043670654,5.928043365478516,6.184223175048828,0.1004563570022583,0.19984684884548187,-0.1875895857810974,35.818233489990234
2025-09-11 14:34:36.836,814191,-4.28322696685791,5.480327606201172,5.612008571624756,0.3429372012615204,0.3578591048717499,0.0807381272315979,35.809410095214844
2025-09-11 14:34:36.848,814211,-4.54419469833374,6.27280855178833,4.953603267669678,0.4479234218597412,0.2059755027294159,0.2755222022533417,35.80352783203125
2025-09-11 14:34:36.869,814231,-4.359841346740723,6.7708024978637695,4.683058738708496,0.11750995367765427,-0.025313934311270714,0.30563244223594666,35.80058670043945
2025-09-11 14:34:36.888,814251,-4.106055736541748,5.959167957305908,5.288791656494141,-0.04529862105846405,-0.06768146902322769,0.3642542362213135,35.80352783203125
2025-09-11 14:34:36.938,814271,-4.153939723968506,6.232107162475586,5.3797712326049805,0.18519142270088196,-0.138560488820076,0.4772343039512634,35.818233489990234
2025-09-11 14:34:36.938,814291,-3.9408559799194336,6.641515731811523,5.231330871582031,0.14628790318965912,-0.23315466940402985,0.5073445439338684,35.818233489990234
2025-09-11 14:34:36.948,814311,-2.779668092727661,7.4770917892456055,4.417302131652832,-0.05382541939616203,-0.47830015420913696,0.5068116188049316,35.80646896362305
2025-09-11 14:34:36.968,814331,-3.1747114658355713,6.617573261260986,5.264849662780762,-0.41061869263648987,-0.3376079499721527,0.13216538727283478,35.80058670043945
2025-09-11 14:34:36.992,814351,-3.3734302520751953,5.92325496673584,5.664681434631348,-0.25420519709587097,-0.16573967039585114,0.12736906111240387,35.80058670043945
2025-09-11 14:34:37.039,814371,-3.4141316413879395,6.385335922241211,5.556941986083984,0.003996937070041895,0.028245022520422935,0.1169770285487175,35.80352783203125
2025-09-11 14:34:37.039,814391,-3.4141316413879395,7.01979923248291,4.99669885635376,-0.061019908636808395,0.05196018144488335,0.07114548236131668,35.81529235839844
2025-09-11 14:34:37.048,814411,-3.758896589279175,6.3302693367004395,5.389348030090332,-0.1761316955089569,-0.03330780938267708,0.09512710571289062,35.797645568847656
2025-09-11 14:34:37.069,814431,-3.641580820083618,6.313509941101074,5.396530628204346,-0.08500153571367264,-0.10845022648572922,0.25100764632225037,35.79470443725586
2025-09-11 14:34:37.095,814453,-3.292027235031128,6.524199485778809,5.415684223175049,0.02158346027135849,-0.07540887594223022,0.19505053758621216,35.80352783203125
2025-09-11 14:34:37.143,814472,-3.222595453262329,6.780379295349121,5.461174011230469,-0.03570597246289253,-0.030909648165106773,0.01119142398238182,35.83588409423828
2025-09-11 14:34:37.143,814492,-3.3518824577331543,6.531382083892822,5.449203014373779,-0.06554976850748062,-0.021849922835826874,0.022649310529232025,35.82117462158203
2025-09-11 14:34:37.149,814512,-3.3303346633911133,6.562506675720215,5.336675643920898,-0.17186829447746277,-0.06315161287784576,0.057555895298719406,35.779998779296875
2025-09-11 14:34:37.169,814532,-3.584120035171509,5.892130374908447,5.810727596282959,-0.07727411389350891,0.04396630823612213,0.13562940061092377,35.80646896362305
2025-09-11 14:34:37.190,814552,-3.643975019454956,6.2632317543029785,5.571307182312012,0.11218070238828659,0.16387441754341125,0.2848483920097351,35.818233489990234
2025-09-11 14:34:37.254,814572,-3.5194764137268066,6.380547523498535,5.60722017288208,0.21130475401878357,0.1862572729587555,0.29897087812423706,35.81235122680664
2025-09-11 14:34:37.254,814592,-3.464409828186035,6.478709697723389,5.647922039031982,0.32375189661979675,0.2566033899784088,0.4031577408313751,35.797645568847656
2025-09-11 14:34:37.254,814612,-3.354276657104492,6.981492042541504,5.193023681640625,0.3341439664363861,0.3757120966911316,0.5992740988731384,35.81529235839844
2025-09-11 14:34:37.273,814632,-3.138798475265503,7.630321025848389,4.668693542480469,0.08313629031181335,0.5108085870742798,0.5505114793777466,35.80352783203125
2025-09-11 14:34:37.290,814652,-2.9735984802246094,8.10437297821045,4.568136692047119,-0.42447471618652344,0.6999968886375427,0.34373658895492554,35.81529235839844
2025-09-11 14:34:37.349,814672,-3.624821424484253,7.422025203704834,6.095637321472168,-1.264897346496582,1.0674487352371216,0.34480246901512146,35.809410095214844
2025-09-11 14:34:37.349,814692,-3.5458126068115234,5.765237808227539,5.367800235748291,-0.5968759655952454,0.8409555554389954,-0.4377978444099426,35.80352783203125
2025-09-11 14:34:37.349,814712,-2.875436305999756,7.204153060913086,3.7636849880218506,-0.5076110363006592,1.1982817649841309,-1.3128606081008911,35.809410095214844
2025-09-11 14:34:37.373,814732,-4.010287761688232,7.3023152351379395,5.044582843780518,-0.623522162437439,1.2270597219467163,-1.902808666229248,35.81235122680664
2025-09-11 14:34:37.391,814752,-4.534617900848389,5.937620162963867,5.853823184967041,-0.3741133213043213,0.9318192601203918,-1.9742205142974854,35.832942962646484
2025-09-11 14:34:37.449,814772,-4.448426723480225,4.331110954284668,6.054935932159424,-0.07700765877962112,0.7037274241447449,-1.5001838207244873,35.82706069946289
2025-09-11 14:34:37.449,814792,-5.427655220031738,3.7421371936798096,4.6471452713012695,0.3240183889865875,0.47856661677360535,-0.9065053462982178,35.81529235839844
2025-09-11 14:34:37.451,814812,-5.863399982452393,5.298368453979492,4.390965938568115,0.6046033501625061,0.5782235860824585,-0.7706094980239868,35.81235122680664
2025-09-11 14:34:37.470,814832,-6.160281181335449,7.343016624450684,3.6391866207122803,0.19078712165355682,0.6237887144088745,-1.036539077758789,35.797645568847656
2025-09-11 14:34:37.494,814852,-6.962338447570801,6.715735912322998,5.023035049438477,-0.7306401133537292,0.6437733769416809,-1.4396967887878418,35.79470443725586
2025-09-11 14:34:37.553,814872,-5.731719017028809,4.481945514678955,5.3797712326049805,-0.9017090797424316,0.6738836169242859,-1.6939020156860352,35.788822174072266
2025-09-11 14:34:37.554,814894,-5.403713226318359,2.782062292098999,5.87776517868042,-0.6296508312225342,0.7428973913192749,-1.293941855430603,35.81235122680664
2025-09-11 14:34:37.554,814913,-4.67827033996582,3.9647979736328125,5.612008571624756,-0.3837059736251831,0.7354364395141602,-1.2148023843765259,35.80058670043945
2025-09-11 14:34:37.571,814933,-5.7341132164001465,4.8482584953308105,5.6910176277160645,-0.3378744125366211,0.5744931101799011,-1.0426677465438843,35.809410095214844
2025-09-11 14:34:37.590,814953,-6.646304130554199,3.665522813796997,5.410895824432373,-0.3738468587398529,0.5798223614692688,-0.7074579000473022,35.818233489990234
2025-09-11 14:34:37.660,814973,-5.671864032745361,2.2888567447662354,4.661510944366455,-0.3967626392841339,0.6754823923110962,-0.2406156212091446,35.82117462158203
2025-09-11 14:34:37.661,814993,-6.476315498352051,3.3710360527038574,3.8355112075805664,0.029044410213828087,0.8540122509002686,-0.058088820427656174,35.81529235839844
2025-09-11 14:34:37.661,815013,-8.281543731689453,5.489904403686523,3.9887399673461914,0.16174273192882538,0.8007197380065918,-0.09699234366416931,35.80646896362305
2025-09-11 14:34:37.671,815033,-7.60637903213501,4.113238334655762,4.534617900848389,0.11404594779014587,0.7130535840988159,-0.10631853342056274,35.809410095214844
2025-09-11 14:34:37.690,815053,-6.2847795486450195,3.4979286193847656,3.7014358043670654,0.3080306351184845,0.744762659072876,0.1303001493215561,35.81235122680664
2025-09-11 14:34:37.711,815073,-7.072471618652344,3.514688014984131,4.043806552886963,0.3591914176940918,0.768211305141449,0.42234301567077637,35.81235122680664
2025-09-11 14:34:37.755,815093,-6.256049156188965,4.37420654296875,3.3063924312591553,0.26459723711013794,0.737834632396698,0.510275661945343,35.81529235839844
2025-09-11 14:34:37.755,815113,-6.5050458908081055,5.7341132164001465,2.75812029838562,0.2174333930015564,0.5044134855270386,0.23608574271202087,35.81235122680664
2025-09-11 14:34:37.773,815133,-6.2392897605896,5.477933406829834,2.9879636764526367,0.08260336518287659,0.08953139185905457,-0.3578591048717499,35.81529235839844
2025-09-11 14:34:37.791,815153,-4.0078935623168945,10.338163375854492,2.63362193107605,0.2126370668411255,0.07514242082834244,-0.45351916551589966,35.81235122680664
2025-09-11 14:34:37.810,815173,-8.341399192810059,1.6065093278884888,5.384559631347656,0.4332679808139801,0.6765482425689697,-0.08979785442352295,35.82411575317383
2025-09-11 14:34:37.860,815193,-7.905653953552246,3.1316158771514893,4.431667327880859,1.113280177116394,0.6509678363800049,0.30376723408699036,35.81235122680664
2025-09-11 14:34:37.863,815213,-7.41484260559082,3.1459810733795166,3.557783842086792,1.3387075662612915,0.8212373852729797,0.6344472169876099,35.80352783203125
2025-09-11 14:34:37.871,815233,-7.785943984985352,4.934449672698975,1.556231141090393,1.260367512702942,0.8787932991981506,0.8316293954849243,35.809410095214844
2025-09-11 14:34:37.890,815253,-7.479485988616943,5.013458251953125,1.522712230682373,0.9400796294212341,0.6477702260017395,0.7037274241447449,35.79470443725586
2025-09-11 14:34:37.910,815273,-6.856993675231934,6.299144744873047,1.5538369417190552,0.6738836169242859,0.1318989247083664,0.29763856530189514,35.81235122680664
2025-09-11 14:34:37.962,815293,-6.691793918609619,6.138733386993408,2.166752576828003,0.33387747406959534,-0.4250076413154602,-0.2715252637863159,35.809410095214844
2025-09-11 14:34:37.962,815313,-6.734889507293701,4.637568473815918,2.9161376953125,0.1417580395936966,-0.62538743019104,-0.41248390078544617,35.797645568847656
2025-09-11 14:34:37.972,815335,-7.513004779815674,5.097255229949951,2.889801502227783,-0.1532159149646759,-0.3767779469490051,-0.33840733766555786,35.81529235839844
2025-09-11 14:34:37.994,815354,-8.149862289428711,3.3949780464172363,2.607285737991333,0.048496171832084656,-0.01012557465583086,0.395430326461792,35.80352783203125
2025-09-11 14:34:38.013,815374,-7.642292022705078,5.154716491699219,1.8267759084701538,0.2733905017375946,-0.03437365964055061,0.8974456191062927,35.82706069946289
2025-09-11 14:34:38.069,815394,-7.216124057769775,6.62236213684082,1.6184803247451782,0.01119142398238182,-0.17533230781555176,0.7061255574226379,35.809410095214844
2025-09-11 14:34:38.069,815414,-6.890512466430664,6.624756336212158,1.7286136150360107,-0.6187258958816528,-0.47057273983955383,0.1961163729429245,35.818233489990234
2025-09-11 14:34:38.071,815434,-6.610390663146973,5.849034786224365,2.7078421115875244,-1.1036875247955322,-0.5803552865982056,0.005862174555659294,35.82411575317383
2025-09-11 14:34:38.096,815454,-7.268796443939209,3.7660791873931885,3.9456443786621094,-1.172701358795166,-0.34053903818130493,0.17932924628257751,35.809410095214844
2025-09-11 14:34:38.112,815474,-7.007828235626221,4.338293552398682,3.6176388263702393,-0.6970658302307129,-0.0791393592953682,0.5814211368560791,35.809410095214844
2025-09-11 14:34:38.165,815494,-6.643909931182861,5.468356609344482,3.2154128551483154,-0.5118744373321533,0.0013323123566806316,0.6645573973655701,35.81529235839844
2025-09-11 14:34:38.165,815514,-6.44279670715332,5.583278179168701,3.2321722507476807,-0.5838193297386169,-0.09352833032608032,0.3791761100292206,35.82117462158203
2025-09-11 14:34:38.171,815534,-6.064512729644775,6.282385349273682,3.19865345954895,-0.7722082734107971,-0.1958499252796173,0.0807381272315979,35.797645568847656
2025-09-11 14:34:38.206,815554,-6.112396717071533,5.008669853210449,3.8139634132385254,-0.9480735063552856,-0.07833997160196304,-0.12497090548276901,35.818233489990234
2025-09-11 14:34:38.213,815574,-7.022193431854248,3.7181951999664307,4.19224739074707,-0.5907472968101501,0.04183461144566536,0.0972588062286377,35.80352783203125
2025-09-11 14:34:38.268,815594,-6.868964672088623,4.627991676330566,3.663128614425659,-0.23208880424499512,0.09006431698799133,0.2997702956199646,35.80058670043945
2025-09-11 14:34:38.268,815614,-6.567295074462891,5.765237808227539,3.3470940589904785,-0.2784532904624939,-0.023182237520813942,0.19345174729824066,35.80646896362305
2025-09-11 14:34:38.273,815636,-6.449979305267334,5.602431774139404,3.406949043273926,-0.7642143964767456,-0.19185298681259155,-0.014122511260211468,35.797645568847656
2025-09-11 14:34:38.298,815656,-6.967126846313477,3.6535518169403076,4.106055736541748,-0.7295742630958557,-0.20331087708473206,0.07274425029754639,35.818233489990234
2025-09-11 14:34:38.315,815676,-6.471527099609375,4.876988887786865,4.062960147857666,-0.49002450704574585,-0.09352833032608032,0.2025114744901657,35.818233489990234
2025-09-11 14:34:38.371,815696,-6.057330131530762,5.47075080871582,4.197035789489746,-0.4431270956993103,-0.11058192700147629,0.06901378184556961,35.81529235839844
2025-09-11 14:34:38.371,815716,-5.868188381195068,5.853823184967041,4.141968727111816,-0.5939448475837708,-0.22622664272785187,-0.22835834324359894,35.81529235839844
2025-09-11 14:34:38.373,815736,-5.884947776794434,4.4939165115356445,4.565742492675781,-0.8095130324363708,-0.3397396504878998,-0.3408055305480957,35.809410095214844
2025-09-11 14:34:38.396,815756,-6.768408298492432,3.993528366088867,4.891354084014893,-0.7063920497894287,-0.38317304849624634,-0.243813157081604,35.82117462158203
2025-09-11 14:34:38.423,815776,-6.821080684661865,6.232107162475586,4.546588897705078,-0.7631484866142273,-0.501215934753418,-0.2256937175989151,35.81235122680664
2025-09-11 14:34:38.473,815796,-6.303933143615723,3.9695863723754883,5.190629482269287,-0.761283278465271,-0.5046799182891846,-0.22143033146858215,35.809410095214844
2025-09-11 14:34:38.473,815816,-6.5912370681762695,3.3039982318878174,5.135562419891357,-0.40155893564224243,-0.12177335470914841,-0.15934456884860992,35.809410095214844
2025-09-11 14:34:38.475,815836,-6.562506675720215,4.0078935623168945,4.963180065155029,-0.14628790318965912,0.01678713597357273,-0.026646247133612633,35.80646896362305
2025-09-11 14:34:38.493,815856,-5.815515995025635,4.721365928649902,5.315127849578857,-0.2025114744901657,-0.009059724397957325,-0.1529494673013687,35.818233489990234
2025-09-11 14:34:38.519,815876,-5.657498836517334,4.185064792633057,4.867412090301514,-0.2619326114654541,0.12124042212963104,-0.35519447922706604,35.788822174072266
2025-09-11 14:34:38.576,815896,-7.553706169128418,3.670311212539673,4.838681697845459,-0.009059724397957325,0.23501990735530853,-0.46231240034103394,35.809410095214844
2025-09-11 14:34:38.576,815916,-7.237671852111816,3.8067808151245117,3.861847400665283,-0.06048698350787163,0.46524348855018616,-0.54704749584198,35.83588409423828
2025-09-11 14:34:38.576,815937,-7.005434036254883,3.2537200450897217,4.211400985717773,-0.06528330594301224,0.483895868062973,-0.48869219422340393,35.80646896362305
2025-09-11 14:34:38.594,815957,-6.828263282775879,3.466804027557373,4.352658748626709,0.033041346818208694,0.32028788328170776,-0.18519142270088196,35.80646896362305
2025-09-11 14:34:38.615,815977,-7.015010833740234,3.825934410095215,4.098873138427734,-0.08100459724664688,0.23635222017765045,-0.061019908636808395,35.818233489990234
2025-09-11 14:34:38.679,815997,-7.117961883544922,4.003105163574219,4.244919776916504,-0.09539356082677841,0.049029093235731125,-0.07007963210344315,35.82117462158203
2025-09-11 14:34:38.679,816017,-6.112396717071533,4.359841346740723,5.003881454467773,-0.174799382686615,0.02078407257795334,-0.11457886546850204,35.81529235839844
2025-09-11 14:34:38.679,816037,-6.751648902893066,3.3255462646484375,5.473145008087158,-0.09272895008325577,0.1401592642068863,-0.08207044005393982,35.818233489990234
2025-09-11 14:34:38.695,816057,-5.705382823944092,5.183446884155273,5.56173038482666,-0.07993873953819275,0.05302603542804718,-0.045565083622932434,35.818233489990234
2025-09-11 14:34:38.714,816077,-5.214571475982666,3.3063924312591553,3.337517261505127,-0.1318989247083664,-0.13429708778858185,-0.009326186962425709,35.81529235839844
2025-09-11 14:34:38.735,816097,-7.948749542236328,3.600879430770874,3.224989652633667,-0.2192986160516739,0.1036539077758789,-0.17000307142734528,35.809410095214844
2025-09-11 14:34:38.780,816117,-6.861782073974609,3.1196448802948,4.553771495819092,-0.2584685981273651,-0.017053598538041115,0.07754058390855789,35.82411575317383
2025-09-11 14:34:38.780,816137,-7.5201873779296875,3.1651346683502197,3.892971992492676,-0.05489126965403557,0.08446860313415527,0.2272924929857254,35.81235122680664
2025-09-11 14:34:38.794,816157,-7.048529624938965,3.584120035171509,4.350264549255371,-0.1236385926604271,-0.13376416265964508,0.3789096176624298,35.83000183105469
2025-09-11 14:34:38.814,816177,-5.849034786224365,4.683058738708496,5.245696067810059,-0.19185298681259155,-0.263264924287796,0.37278100848197937,35.818233489990234
2025-09-11 14:34:38.834,816197,-5.750872611999512,4.920084476470947,5.501875400543213,-0.37091580033302307,-0.053292494267225266,-0.13136599957942963,35.809410095214844
2025-09-11 14:34:38.883,816217,-7.208941459655762,1.5658079385757446,5.688623428344727,-0.20304441452026367,0.4625788629055023,-0.3671852946281433,35.82411575317383
2025-09-11 14:34:38.883,816237,-7.417236804962158,2.4684219360351562,5.1116204261779785,0.03144257143139839,0.77007657289505,-0.15561409294605255,35.80058670043945
2025-09-11 14:34:38.895,816257,-7.319074630737305,3.56017804145813,3.6990416049957275,0.15374885499477386,0.6008729338645935,0.13722817599773407,35.80646896362305
2025-09-11 14:34:38.914,816277,-7.180211067199707,4.242525577545166,3.021482467651367,-0.01598774828016758,-0.02584685944020748,-0.11004900932312012,35.81529235839844
2025-09-11 14:34:38.934,816297,-7.5417351722717285,3.00711727142334,4.027047157287598,-0.058888208121061325,-0.33867383003234863,-0.17693108320236206,35.79176330566406
2025-09-11 14:34:39.005,816317,-7.4100542068481445,2.8610711097717285,4.462791919708252,0.03837059438228607,-0.20517610013484955,-0.019984684884548187,35.809410095214844
2025-09-11 14:34:39.005,816337,-6.8162922859191895,3.687070608139038,4.697423934936523,0.03490658476948738,-0.098857581615448,-0.07674118876457214,35.81529235839844
2025-09-11 14:34:39.005,816357,-7.29034423828125,3.24414324760437,4.683058738708496,-0.005862174555659294,-0.031176110729575157,-0.05355895683169365,35.81529235839844
2025-09-11 14:34:39.015,816379,-7.1921820640563965,3.3662476539611816,4.175487995147705,0.03890352323651314,-0.1958499252796173,0.21983154118061066,35.79176330566406
2025-09-11 14:34:39.035,816398,-6.9455790519714355,3.7038300037384033,4.376600742340088,0.008793261833488941,-0.2669954001903534,0.22462786734104156,35.82411575317383
2025-09-11 14:34:39.087,816418,-6.648698329925537,3.866635799407959,4.577713489532471,-0.027445634827017784,-0.19531700015068054,0.11058192700147629,35.82411575317383
2025-09-11 14:34:39.087,816438,-6.607996463775635,3.804386615753174,4.862623691558838,-0.11084839701652527,-0.0791393592953682,-0.07940581440925598,35.797645568847656
2025-09-11 14:34:39.095,816458,-6.88332986831665,3.3949780464172363,4.766855716705322,-0.098857581615448,-0.06608269363641739,-0.07274425029754639,35.81235122680664
2025-09-11 14:34:39.115,816478,-6.8593878746032715,3.3949780464172363,4.707000732421875,-0.10978253930807114,-0.049029093235731125,-0.023448698222637177,35.809410095214844
2025-09-11 14:34:39.136,816498,-6.856993675231934,3.3279404640197754,4.766855716705322,-0.09299540519714355,0.07007963210344315,0.03224195912480354,35.81529235839844
2025-09-11 14:34:39.190,816518,-6.689399719238281,3.5434184074401855,4.867412090301514,-0.1103154644370079,0.2555375099182129,0.03757121041417122,35.81235122680664
2025-09-11 14:34:39.190,816538,-7.060500621795654,3.6750996112823486,4.661510944366455,-0.11990811675786972,0.3775773048400879,-0.014921898953616619,35.809410095214844
2025-09-11 14:34:39.211,816558,-7.0341644287109375,3.5003228187561035,4.479551315307617,-0.14948543906211853,0.2590015232563019,-0.05915467068552971,35.80646896362305
2025-09-11 14:34:39.216,816578,-6.876147270202637,3.533841609954834,4.388571739196777,-0.13083307445049286,0.19371822476387024,-0.07727411389350891,35.788822174072266
2025-09-11 14:34:39.236,816598,-6.914454460144043,3.531447410583496,4.455609321594238,-0.23501990735530853,0.16893720626831055,-0.10605207085609436,35.80646896362305
2025-09-11 14:34:39.296,816618,-6.967126846313477,3.203441858291626,4.747702121734619,-0.2880459427833557,0.2059755027294159,-0.017852986231446266,35.80352783203125
2025-09-11 14:34:39.296,816638,-7.398083209991455,2.894589900970459,4.623203277587891,-0.24940888583660126,0.21290351450443268,0.14921899139881134,35.818233489990234
2025-09-11 14:34:39.296,816658,-7.529764175415039,2.8874073028564453,4.541800498962402,-0.04583154618740082,0.14895252883434296,0.32668301463127136,35.809410095214844
2025-09-11 14:34:39.319,816680,-7.096413612365723,3.6152446269989014,4.235342979431152,0.098857581615448,0.04476569592952728,0.32508420944213867,35.832942962646484
2025-09-11 14:34:39.337,816699,-7.0317702293396,3.8283286094665527,4.20421838760376,0.05702297389507294,-0.11537826061248779,0.19878099858760834,35.82117462158203
2025-09-11 14:34:39.396,816719,-6.947973251342773,3.7924153804779053,4.220977783203125,-0.03197549656033516,-0.24141500890254974,0.11484532803297043,35.81529235839844
2025-09-11 14:34:39.396,816739,-7.220912456512451,3.4572272300720215,4.448426723480225,-0.09406124800443649,-0.2968392074108124,0.11564471572637558,35.81235122680664
2025-09-11 14:34:39.396,816759,-7.022193431854248,3.2632968425750732,4.668693542480469,-0.10285452008247375,-0.2781868278980255,0.16174273192882538,35.80646896362305
2025-09-11 14:34:39.416,816779,-6.950367450714111,3.4596214294433594,4.831499099731445,0.014655436389148235,-0.27125880122184753,0.22356201708316803,35.81235122680664
2025-09-11 14:34:39.438,816799,-6.8043212890625,3.584120035171509,4.800374507904053,0.0756753459572792,-0.2472771853208542,0.26939356327056885,35.81235122680664
2025-09-11 14:34:39.497,816819,-6.672640323638916,3.7924153804779053,4.6734819412231445,0.05009494721889496,-0.1729341447353363,0.277120977640152,35.809410095214844
2025-09-11 14:34:39.498,816839,-6.502651691436768,3.7277719974517822,4.886565685272217,0.03224195912480354,-0.1582787185907364,0.2224961668252945,35.82706069946289
2025-09-11 14:34:39.498,816859,-6.162675380706787,3.8067808151245117,4.898536682128906,0.04156814515590668,-0.1646738201379776,0.16920366883277893,35.818233489990234
2025-09-11 14:34:39.517,816879,-6.14831018447876,4.039018154144287,4.908113479614258,0.03144257143139839,-0.13562940061092377,0.07807350158691406,35.80352783203125
2025-09-11 14:34:39.536,816899,-6.3973069190979,3.928884983062744,4.876988887786865,-0.019185297191143036,-0.1287013739347458,0.006928024813532829,35.818233489990234
2025-09-11 14:34:39.623,816919,-6.342240333557129,3.9264907836914062,4.881777286529541,-0.0823369100689888,-0.11671055853366852,-0.08313629031181335,35.809410095214844
2025-09-11 14:34:39.623,816939,-6.5265936851501465,3.7900211811065674,4.965574264526367,-0.11484532803297043,-0.08127105236053467,-0.15028484165668488,35.809410095214844
2025-09-11 14:34:39.623,816959,-6.665457725524902,3.5697548389434814,5.018246650695801,-0.0740765631198883,-0.029577335342764854,-0.14895252883434296,35.82117462158203
2025-09-11 14:34:39.627,816979,-6.720524311065674,3.315969467163086,5.037400245666504,-0.0023981621488928795,0.026912709698081017,-0.07460949569940567,35.79176330566406
2025-09-11 14:34:39.636,816999,-6.7923502922058105,3.4404678344726562,4.865017890930176,0.08686677366495132,0.05728943273425102,0.018652373924851418,35.81235122680664
2025-09-11 14:34:39.702,817019,-6.72531270980835,3.706224203109741,4.788403511047363,0.08713322877883911,0.03437365964055061,0.046364475041627884,35.80352783203125
2025-09-11 14:34:39.709,817039,-6.538564682006836,3.799597978591919,4.786009311676025,0.0026646247133612633,0.014388973824679852,0.003996937070041895,35.809410095214844
2025-09-11 14:34:39.710,817059,-6.648698329925537,3.6320040225982666,4.793191909790039,-0.06128636747598648,0.0013323123566806316,-0.02717917412519455,35.818233489990234
2025-09-11 14:34:39.716,817079,-6.720524311065674,3.5242648124694824,4.891354084014893,-0.0807381272315979,0.0053292494267225266,0.011457886546850204,35.80058670043945
2025-09-11 14:34:39.737,817099,-6.703764915466309,3.4620156288146973,4.941632270812988,-0.06315161287784576,0.014921898953616619,0.05782235786318779,35.79470443725586
2025-09-11 14:34:39.758,817120,-6.718130111694336,3.5170822143554688,4.8937482833862305,-0.030376723036170006,0.030110260471701622,0.11244716495275497,35.80352783203125
2025-09-11 14:34:39.804,817140,-6.763619899749756,3.5434184074401855,4.884171485900879,-0.017053598538041115,0.03543950989842415,0.1366952508687973,35.81529235839844
2025-09-11 14:34:39.804,817160,-6.806715488433838,3.6176388263702393,4.970362663269043,0.019718224182724953,0.05862174555659294,0.16360795497894287,35.79176330566406
2025-09-11 14:34:39.817,817180,-7.0988078117370605,3.732560396194458,4.879383087158203,0.0626186802983284,0.08127105236053467,0.19478406012058258,35.79470443725586
2025-09-11 14:34:39.838,817200,-7.189787864685059,3.976768970489502,4.76924991607666,0.12124042212963104,0.05835527926683426,0.2488759458065033,35.818233489990234
2025-09-11 14:34:39.857,817220,-7.326257228851318,3.847482204437256,4.620809078216553,0.08713322877883911,0.048496171832084656,0.31522512435913086,35.818233489990234
2025-09-11 14:34:39.906,817240,-7.275979042053223,3.5721490383148193,4.6040496826171875,0.0074609494768083096,0.04476569592952728,0.42260950803756714,35.797645568847656
2025-09-11 14:34:39.906,817260,-7.252037048339844,4.230554580688477,4.316745758056641,0.06768146902322769,0.01811944879591465,0.5646340250968933,35.81235122680664
2025-09-11 14:34:39.917,817280,-7.615955829620361,2.9927520751953125,5.12119722366333,0.05649004504084587,-0.048496171832084656,0.5443828701972961,35.80352783203125
2025-09-11 14:34:39.942,817300,-6.62236213684082,4.134786128997803,4.67827033996582,-0.024248085916042328,-0.08473506569862366,0.47883307933807373,35.82706069946289
2025-09-11 14:34:39.957,817320,-6.603208065032959,3.866635799407959,4.845864295959473,0.031709033995866776,-0.17266768217086792,0.4529862105846405,35.82706069946289
2025-09-11 14:34:40.007,817340,-6.485892295837402,4.680664539337158,4.766855716705322,0.10631853342056274,-0.2829831540584564,0.4993506968021393,35.82117462158203
2025-09-11 14:34:40.007,817360,-5.999869346618652,4.508281707763672,4.388571739196777,0.0543583482503891,-0.19505053758621216,0.6744165420532227,35.82411575317383
2025-09-11 14:34:40.017,817380,-6.349422931671143,3.4332852363586426,5.1810526847839355,0.0708790197968483,-0.20837366580963135,0.5574395060539246,35.82117462158203
2025-09-11 14:34:40.038,817400,-6.222530364990234,3.466804027557373,5.0254292488098145,0.14122511446475983,-0.32241958379745483,0.30403369665145874,35.80352783203125
2025-09-11 14:34:40.057,817420,-6.495469093322754,4.20421838760376,4.989516258239746,0.1566799432039261,-0.38983461260795593,0.14948543906211853,35.80058670043945
2025-09-11 14:34:40.110,817440,-6.821080684661865,4.9152960777282715,4.9799394607543945,0.16573967039585114,-0.3901010751724243,0.20011331140995026,35.80352783203125
2025-09-11 14:34:40.110,817460,-6.847416877746582,5.123591423034668,5.006275653839111,0.20331087708473206,-0.40795406699180603,0.4183460772037506,35.80352783203125
2025-09-11 14:34:40.117,817480,-6.502651691436768,4.922478675842285,4.888959884643555,0.23102296888828278,-0.39303213357925415,0.5172036290168762,35.80352783203125
2025-09-11 14:34:40.136,817500,-6.088454723358154,4.93923807144165,4.72376012802124,0.17213475704193115,-0.3916998505592346,0.39916080236434937,35.82706069946289
2025-09-11 14:34:40.164,817520,-5.65031623840332,4.934449672698975,4.697423934936523,0.022649310529232025,-0.4332679808139801,0.224094957113266,35.809410095214844
2025-09-11 14:34:40.209,817540,-5.264849662780762,4.800374507904053,4.831499099731445,-0.07460949569940567,-0.4050229489803314,0.09166309237480164,35.82411575317383
2025-09-11 14:34:40.209,817561,-5.051765441894531,4.73573112487793,4.853046894073486,-0.07940581440925598,-0.3210872709751129,0.08660030364990234,35.82117462158203
2025-09-11 14:34:40.218,817580,-5.137956619262695,4.78122091293335,5.061342239379883,-0.04929555580019951,-0.21716691553592682,0.15215006470680237,35.82117462158203
2025-09-11 14:34:40.240,817600,-5.5545477867126465,4.778826713562012,5.343858242034912,-0.018652373924851418,-0.18918836116790771,0.22809189558029175,35.82117462158203
2025-09-11 14:34:40.258,817620,-5.583278179168701,4.790797710418701,5.406107425689697,-0.012790199369192123,-0.23795099556446075,0.22143033146858215,35.80646896362305
2025-09-11 14:34:40.316,817640,-5.406107425689697,4.730942726135254,5.2911858558654785,0.0002664624771568924,-0.2699264883995056,0.15401531755924225,35.809410095214844
2025-09-11 14:34:40.316,817660,-5.370194435119629,4.675876140594482,5.4228668212890625,0.008793261833488941,-0.30190199613571167,0.05009494721889496,35.81235122680664
2025-09-11 14:34:40.318,817680,-5.564124584197998,5.0876784324646,5.473145008087158,0.0173200611025095,-0.3184226453304291,0.0026646247133612633,35.80352783203125
2025-09-11 14:34:40.337,817700,-5.609614372253418,5.293580055236816,5.389348030090332,0.016254210844635963,-0.3509310781955719,0.05249311029911041,35.80058670043945
2025-09-11 14:34:40.362,817720,-5.343858242034912,5.3797712326049805,5.310339450836182,0.0074609494768083096,-0.3658529818058014,0.10924961417913437,35.809410095214844
2025-09-11 14:34:40.439,817740,-5.157110691070557,5.415684223175049,5.329493045806885,0.0074609494768083096,-0.3906340003013611,0.16094334423542023,35.818233489990234
2025-09-11 14:34:40.439,817760,-4.728548526763916,5.39174222946167,5.396530628204346,0.025313934311270714,-0.4231424033641815,0.15721285343170166,35.809410095214844
2025-09-11 14:34:40.439,817780,-4.455609321594238,5.602431774139404,5.377377033233643,0.00506278732791543,-0.4271393418312073,0.16200919449329376,35.80646896362305
2025-09-11 14:34:40.439,817800,-4.110844135284424,5.47075080871582,5.384559631347656,-0.02371516078710556,-0.41781315207481384,0.18092802166938782,35.797645568847656
2025-09-11 14:34:40.457,817820,-3.9169139862060547,5.427655220031738,5.343858242034912,-0.04529862105846405,-0.3525298535823822,0.18066155910491943,35.80058670043945
2025-09-11 14:34:40.523,817840,-4.034229755401611,5.372588634490967,5.430049419403076,-0.03224195912480354,-0.29097700119018555,0.2091730386018753,35.81529235839844
2025-09-11 14:34:40.523,817860,-4.01268196105957,5.485116004943848,5.583278179168701,-0.024781011044979095,-0.24967534840106964,0.23315466940402985,35.797645568847656
2025-09-11 14:34:40.523,817880,-3.8810009956359863,5.485116004943848,5.8203043937683105,-0.0444992333650589,-0.21556814014911652,0.24487902224063873,35.81235122680664
2025-09-11 14:34:40.539,817900,-3.7612907886505127,5.497087001800537,5.8873419761657715,-0.06181929633021355,-0.17399999499320984,0.250741183757782,35.81235122680664
2025-09-11 14:34:40.557,817920,-3.864241600036621,5.456385612487793,5.9735331535339355,-0.07354364544153214,-0.158012256026268,0.2574027478694916,35.80058670043945
2025-09-11 14:34:40.621,817940,-3.754108190536499,5.5760955810546875,5.892130374908447,-0.09859111160039902,-0.12950076162815094,0.2797856032848358,35.80646896362305
2025-09-11 14:34:40.621,817960,-3.7612907886505127,5.236119270324707,6.033388137817383,-0.1303001493215561,-0.09645941853523254,0.3192220628261566,35.80646896362305
2025-09-11 14:34:40.621,817980,-3.60566782951355,5.140350818634033,5.9974751472473145,-0.15881162881851196,-0.038104135543107986,0.28751301765441895,35.81235122680664
2025-09-11 14:34:40.642,818000,-3.8977603912353516,5.178658485412598,6.155492782592773,-0.19078712165355682,0.015721285715699196,0.2566033899784088,35.79176330566406
2025-09-11 14:34:40.658,818020,-4.0533833503723145,4.934449672698975,6.3518171310424805,-0.19664931297302246,0.028777947649359703,0.25447165966033936,35.79470443725586
2025-09-11 14:34:40.677,818040,-4.2329487800598145,4.910507678985596,6.457161903381348,-0.17719754576683044,0.025580398738384247,0.266728937625885,35.809410095214844
2025-09-11 14:34:40.730,818060,-4.268861770629883,4.944026470184326,6.430825710296631,-0.1516171544790268,-0.0026646247133612633,0.2864471673965454,35.81235122680664
2025-09-11 14:34:40.730,818080,-4.228160381317139,4.99669885635376,6.339846134185791,-0.1598774790763855,-0.013589587062597275,0.2390168458223343,35.83000183105469
2025-09-11 14:34:40.737,818100,-4.240131378173828,5.092466831207275,6.368576526641846,-0.18572434782981873,-0.009059724397957325,0.20037978887557983,35.80352783203125
2025-09-11 14:34:40.757,818120,-4.189853191375732,5.073313236236572,6.421248912811279,-0.2091730386018753,0.0026646247133612633,0.20011331140995026,35.83000183105469
2025-09-11 14:34:40.778,818141,-4.24970817565918,4.711789131164551,6.643909931182861,-0.1761316955089569,-0.0023981621488928795,0.20943951606750488,35.81529235839844
2025-09-11 14:34:40.829,818161,-4.043806552886963,4.711789131164551,6.617573261260986,-0.1382940262556076,-0.017852986231446266,0.20171210169792175,35.81529235839844
2025-09-11 14:34:40.829,818181,-3.821146011352539,4.651933670043945,6.562506675720215,-0.12656967341899872,-0.015188361518085003,0.18012863397598267,35.82411575317383
2025-09-11 14:34:40.840,818201,-3.73016619682312,4.668693542480469,6.497863292694092,-0.11058192700147629,0.02158346027135849,0.1430903524160385,35.818233489990234
2025-09-11 14:34:40.858,818221,-3.869029998779297,4.865017890930176,6.507440090179443,-0.09699234366416931,0.05196018144488335,0.12177335470914841,35.809410095214844
2025-09-11 14:34:40.879,818241,-3.974374771118164,5.063736438751221,6.466738700866699,-0.10818377137184143,0.04316692054271698,0.1185758039355278,35.80352783203125
2025-09-11 14:34:40.930,818261,-3.890577793121338,5.013458251953125,6.4595561027526855,-0.12923429906368256,0.013856049627065659,0.11671055853366852,35.82117462158203
2025-09-11 14:34:40.930,818281,-3.7708675861358643,4.886565685272217,6.4164605140686035,-0.138560488820076,0.013323123566806316,0.0905972421169281,35.818233489990234
2025-09-11 14:34:40.939,818301,-3.758896589279175,4.99669885635376,6.378153324127197,-0.12790198624134064,0.03144257143139839,0.08500153571367264,35.818233489990234
2025-09-11 14:34:40.959,818321,-3.711012601852417,5.056553840637207,6.277596950531006,-0.1119142398238182,0.05915467068552971,0.12337213009595871,35.818233489990234
2025-09-11 14:34:40.978,818341,-3.8379054069519043,4.994304656982422,6.354211330413818,-0.09752526879310608,0.07540887594223022,0.17852985858917236,35.80646896362305
2025-09-11 14:34:41.035,818361,-3.6750996112823486,4.812345504760742,6.294356346130371,-0.08313629031181335,0.07674118876457214,0.15374885499477386,35.832942962646484
2025-09-11 14:34:41.035,818381,-3.8307228088378906,4.9152960777282715,6.229712963104248,-0.09246248006820679,0.0807381272315979,0.10845022648572922,35.81529235839844
2025-09-11 14:34:41.039,818401,-3.885789394378662,4.955997467041016,6.143521785736084,-0.07940581440925598,0.08633384108543396,0.11644410341978073,35.79470443725586
2025-09-11 14:34:41.059,818421,-3.914519786834717,4.817133903503418,6.157886981964111,-0.0543583482503891,0.09619295597076416,0.12603674829006195,35.809410095214844
2025-09-11 14:34:41.140,818443,-3.8331170082092285,4.759673118591309,6.023811340332031,-0.02158346027135849,0.11351301521062851,0.09965696930885315,35.79176330566406
2025-09-11 14:34:41.140,818462,-4.106055736541748,4.833893299102783,6.1052141189575195,0.004263399634510279,0.14762021601200104,0.08340275287628174,35.81235122680664
2025-09-11 14:34:41.140,818482,-4.299986362457275,4.8602294921875,6.057330131530762,0.03703828155994415,0.12550382316112518,0.07034609466791153,35.80058670043945
2025-09-11 14:34:41.140,818502,-4.314351558685303,5.020640850067139,5.95677375793457,0.030376723036170006,0.12630322575569153,0.030110260471701622,35.80646896362305
2025-09-11 14:34:41.163,818522,-4.345476150512695,4.977545261383057,5.999869346618652,0.04476569592952728,0.12443797290325165,0.055424198508262634,35.797645568847656
2025-09-11 14:34:41.179,818542,-4.20421838760376,4.7405195236206055,5.980715751647949,0.06395099312067032,0.13935987651348114,0.06661561876535416,35.809410095214844
2025-09-11 14:34:41.239,818562,-4.247313976287842,4.613626480102539,6.0190229415893555,0.08100459724664688,0.1564134806394577,0.011990811675786972,35.81529235839844
2025-09-11 14:34:41.239,818582,-4.4077253341674805,4.72376012802124,6.165069580078125,0.07993873953819275,0.12790198624134064,-0.02584685944020748,35.818233489990234
2025-09-11 14:34:41.248,818602,-4.288015365600586,4.649539470672607,6.155492782592773,0.11884226649999619,0.10951608419418335,-0.04103522002696991,35.809410095214844
2025-09-11 14:34:41.260,818622,-4.180276393890381,4.55616569519043,6.208165168762207,0.17399999499320984,0.11777641624212265,-0.028245022520422935,35.81529235839844
2025-09-11 14:34:41.282,818642,-4.2975921630859375,4.649539470672607,6.277596950531006,0.24674426019191742,0.12097396701574326,-0.02371516078710556,35.82117462158203
